{
  "ai_word_rate_100w": {
    "mean": 0.00847761069690232,
    "sd": 0.052074289388044225
  },
  "assistant_tone_rate_100w": {
    "mean": 0.003943757795062906,
    "sd": 0.030604778150036968
  },
  "contraction_rate_100w": {
    "mean": 1.451999768234139,
    "sd": 1.3282105948136786
  },
  "formality_balance_100w": {
    "mean": -0.7489722065204708,
    "sd": 1.5298994268602688
  },
  "list_structure_intensity": {
    "mean": 0.07103038882868351,
    "sd": 0.14481470007732988
  }
}