{
  "ai_word_rate_100w": {
    "mean": 0.008275863572173319,
    "sd": 0.06640564776201445
  },
  "assistant_tone_rate_100w": {
    "mean": 0.0036622682968218277,
    "sd": 0.03659524573636901
  },
  "contraction_rate_100w": {
    "mean": 1.4320490752125468,
    "sd": 1.452211665707132
  },
  "formality_balance_100w": {
    "mean": -0.7386361494897504,
    "sd": 1.6846204604371036
  },
  "list_structure_intensity": {
    "mean": 0.06679243599663705,
    "sd": 0.15067708871834715
  }
}