subreddit,rows_input,rows_kept,rows_dropped_any,drop_body_removed,drop_body_deleted,drop_author_automoderator,drop_stickied_true,drop_distinguished_moderator,drop_overlap_automod_and_distinguished,invalid_json_rows,kept_rate_pct
AskProgramming,28160,26386,1774,443,1108,0,193,223,0,0,93.7002840909091
Ask_Politics,2693,1767,926,296,46,581,565,584,581,0,65.6145562569625
CodingHelp,9060,7782,1278,243,294,77,634,740,76,0,85.89403973509934
ITCareerQuestions,139382,128420,10962,2772,6192,1860,49,1998,1860,0,92.13528289162159
NeutralPolitics,3508,1512,1996,1025,112,127,245,859,127,0,43.10148232611174
OutOfTheLoop,438636,316741,121895,93301,14406,13536,3061,14184,13532,0,72.21044328326904
PoliticalDiscussion,199880,162288,37592,23244,4893,5810,3380,9455,5810,0,81.19271562937763
TooAfraidToAsk,1063270,980734,82536,36761,42408,2121,216,3365,2119,0,92.23753138901691
answers,65193,54497,10696,2101,2412,4643,4842,6181,4641,0,83.5933305723007
csMajors,149818,137004,12814,1504,10779,497,9,531,497,0,91.44695563950927
cscareerquestions,406307,348986,57321,10592,23956,22704,230,22765,22696,0,85.89219481820398
learnprogramming,207258,187889,19369,6030,8701,1242,3750,4637,1241,0,90.65464300533634
moderatepolitics,253068,217061,36007,14938,16352,55,293,4717,55,0,85.77180836771144
politics,5164821,4478140,686681,417558,209964,47231,35592,59149,47221,0,86.70465055807355
